Distance,Angle,Top,Bottom
0.80,85.00,1700.00,1870.00
0.20,85.00,1800.00,1800.00
0.90,84.00,1700.00,1870.00
0.30,84.00,1800.00,1800.00
0.30,83.00,1700.00,1870.00
0.40,83.00,1800.00,1800.00
0.40,82.00,1700.00,1870.00
0.50,82.00,1800.00,1800.00
0.60,81.00,1800.00,1800.00
0.70,79.00,1600.00,2080.00
0.80,78.00,1600.00,2080.00
0.90,77.00,1600.00,2080.00
1.10,77.00,1700.00,2040.00
1.00,76.00,1600.00,2080.00
1.20,76.00,1700.00,2040.00
1.50,76.00,1900.00,1900.00
0.90,75.00,1600.00,2080.00
1.30,75.00,1700.00,2040.00
1.50,75.00,1800.00,1980.00
1.60,75.00,1900.00,1900.00
1.00,74.00,1600.00,2080.00
1.40,74.00,1700.00,2040.00
1.50,74.00,1800.00,1980.00
1.60,74.00,1900.00,1900.00
1.10,73.00,1600.00,2080.00
1.80,73.00,1700.00,2210.00
1.30,73.00,1700.00,2040.00
1.60,73.00,1800.00,1980.00
1.70,73.00,1900.00,1900.00
1.60,72.00,1600.00,2240.00
1.90,72.00,1700.00,2210.00
1.30,72.00,1700.00,2040.00
2.10,72.00,1800.00,2160.00
1.40,72.00,1800.00,1980.00
2.20,72.00,1900.00,2090.00
1.50,72.00,1900.00,1900.00
2.30,72.00,2000.00,2000.00
1.70,71.00,1600.00,2240.00
2.00,71.00,1700.00,2210.00
1.40,71.00,1700.00,2040.00
2.10,71.00,1800.00,2160.00
1.50,71.00,1800.00,1980.00
2.30,71.00,1900.00,2090.00
1.60,71.00,1900.00,1900.00
2.40,71.00,2000.00,2000.00
2.80,71.00,2100.00,2100.00
1.80,70.00,1600.00,2240.00
2.00,70.00,1700.00,2210.00
2.20,70.00,1800.00,2160.00
2.70,70.00,1900.00,2280.00
2.30,70.00,1900.00,2090.00
2.80,70.00,2000.00,2200.00
2.40,70.00,2000.00,2000.00
2.90,70.00,2100.00,2100.00
1.90,69.00,1600.00,2240.00
2.10,69.00,1700.00,2210.00
2.30,69.00,1800.00,2160.00
2.80,69.00,1900.00,2280.00
2.40,69.00,1900.00,2090.00
2.90,69.00,2000.00,2200.00
2.50,69.00,2000.00,2000.00
3.00,69.00,2100.00,2100.00
2.30,68.00,1600.00,2400.00
1.90,68.00,1600.00,2240.00
2.20,68.00,1700.00,2210.00
2.80,68.00,1800.00,2340.00
2.30,68.00,1800.00,2160.00
2.90,68.00,1900.00,2280.00
2.40,68.00,1900.00,2090.00
3.00,68.00,2000.00,2200.00
2.50,68.00,2000.00,2000.00
3.10,68.00,2100.00,2100.00
2.40,67.00,1600.00,2400.00
1.70,67.00,1600.00,2240.00
2.20,67.00,1700.00,2210.00
2.80,67.00,1800.00,2340.00
2.40,67.00,1800.00,2160.00
3.00,67.00,1900.00,2280.00
2.50,67.00,1900.00,2090.00
3.10,67.00,2000.00,2200.00
2.50,67.00,2000.00,2000.00
3.20,67.00,2100.00,2100.00
2.80,66.00,1600.00,2560.00
2.50,66.00,1600.00,2400.00
1.80,66.00,1600.00,2240.00
2.70,66.00,1700.00,2380.00
2.10,66.00,1700.00,2210.00
2.90,66.00,1800.00,2340.00
2.40,66.00,1800.00,2160.00
3.10,66.00,1900.00,2280.00
2.50,66.00,1900.00,2090.00
3.20,66.00,2000.00,2200.00
2.20,66.00,2000.00,2000.00
3.20,66.00,2100.00,2100.00
3.70,66.00,2200.00,2200.00
4.20,66.00,2300.00,2300.00
2.90,65.00,1600.00,2560.00
2.50,65.00,1600.00,2400.00
2.80,65.00,1700.00,2380.00
2.00,65.00,1700.00,2210.00
3.00,65.00,1800.00,2340.00
2.10,65.00,1800.00,2160.00
3.10,65.00,1900.00,2280.00
2.20,65.00,1900.00,2090.00
3.20,65.00,2000.00,2200.00
2.30,65.00,2000.00,2000.00
3.20,65.00,2100.00,2100.00
3.80,65.00,2200.00,2200.00
4.30,65.00,2300.00,2300.00
3.00,64.00,1600.00,2560.00
2.50,64.00,1600.00,2400.00
3.20,64.00,1700.00,2550.00
2.80,64.00,1700.00,2380.00
3.00,64.00,1800.00,2340.00
2.20,64.00,1800.00,2160.00
3.20,64.00,1900.00,2280.00
3.20,64.00,2000.00,2200.00
3.80,64.00,2100.00,2310.00
3.20,64.00,2100.00,2100.00
4.40,64.00,2200.00,2420.00
3.90,64.00,2200.00,2200.00
4.40,64.00,2300.00,2300.00
3.10,63.00,1600.00,2560.00
2.60,63.00,1600.00,2400.00
3.30,63.00,1700.00,2550.00
2.90,63.00,1700.00,2380.00
3.50,63.00,1800.00,2520.00
3.10,63.00,1800.00,2340.00
3.70,63.00,1900.00,2470.00
3.20,63.00,1900.00,2280.00
3.80,63.00,2000.00,2400.00
3.20,63.00,2000.00,2200.00
3.90,63.00,2100.00,2310.00
3.10,63.00,2100.00,2100.00
4.40,63.00,2200.00,2420.00
3.90,63.00,2200.00,2200.00
4.40,63.00,2300.00,2300.00
3.10,62.00,1600.00,2560.00
2.50,62.00,1600.00,2400.00
3.40,62.00,1700.00,2550.00
2.80,62.00,1700.00,2380.00
4.00,62.00,1800.00,2700.00
3.60,62.00,1800.00,2520.00
3.10,62.00,1800.00,2340.00
3.80,62.00,1900.00,2470.00
3.20,62.00,1900.00,2280.00
4.40,62.00,2000.00,2600.00
3.90,62.00,2000.00,2400.00
3.20,62.00,2000.00,2200.00
4.50,62.00,2100.00,2520.00
3.90,62.00,2100.00,2310.00
3.10,62.00,2100.00,2100.00
4.50,62.00,2200.00,2420.00
3.90,62.00,2200.00,2200.00
4.50,62.00,2300.00,2300.00
5.00,62.00,2400.00,2400.00
5.50,62.00,2500.00,2500.00
3.20,61.00,1600.00,2560.00
2.30,61.00,1600.00,2400.00
3.80,61.00,1700.00,2720.00
3.50,61.00,1700.00,2550.00
2.80,61.00,1700.00,2380.00
4.10,61.00,1800.00,2700.00
3.70,61.00,1800.00,2520.00
3.00,61.00,1800.00,2340.00
4.30,61.00,1900.00,2660.00
3.80,61.00,1900.00,2470.00
3.10,61.00,1900.00,2280.00
4.40,61.00,2000.00,2600.00
3.90,61.00,2000.00,2400.00
3.10,61.00,2000.00,2200.00
4.50,61.00,2100.00,2520.00
4.00,61.00,2100.00,2310.00
2.80,61.00,2100.00,2100.00
4.60,61.00,2200.00,2420.00
3.90,61.00,2200.00,2200.00
4.50,61.00,2300.00,2300.00
5.10,61.00,2400.00,2400.00
5.60,61.00,2500.00,2500.00
4.00,60.00,1600.00,2880.00
3.60,60.00,1600.00,2720.00
3.20,60.00,1600.00,2560.00
3.90,60.00,1700.00,2720.00
3.50,60.00,1700.00,2550.00
2.50,60.00,1700.00,2380.00
4.20,60.00,1800.00,2700.00
3.70,60.00,1800.00,2520.00
3.00,60.00,1800.00,2340.00
4.40,60.00,1900.00,2660.00
3.90,60.00,1900.00,2470.00
2.90,60.00,1900.00,2280.00
4.50,60.00,2000.00,2600.00
4.00,60.00,2000.00,2400.00
2.80,60.00,2000.00,2200.00
4.60,60.00,2100.00,2520.00
3.90,60.00,2100.00,2310.00
4.60,60.00,2200.00,2420.00
3.80,60.00,2200.00,2200.00
5.20,60.00,2300.00,2530.00
4.50,60.00,2300.00,2300.00
5.70,60.00,2400.00,2640.00
5.10,60.00,2400.00,2400.00
5.70,60.00,2500.00,2500.00
6.10,60.00,2600.00,2600.00
4.10,59.00,1600.00,2880.00
3.70,59.00,1600.00,2720.00
3.20,59.00,1600.00,2560.00
4.00,59.00,1700.00,2720.00
3.50,59.00,1700.00,2550.00
4.20,59.00,1800.00,2700.00
3.70,59.00,1800.00,2520.00
2.70,59.00,1800.00,2340.00
4.40,59.00,1900.00,2660.00
3.90,59.00,1900.00,2470.00
2.80,59.00,1900.00,2280.00
4.60,59.00,2000.00,2600.00
3.90,59.00,2000.00,2400.00
4.60,59.00,2100.00,2520.00
3.90,59.00,2100.00,2310.00
4.60,59.00,2200.00,2420.00
3.60,59.00,2200.00,2200.00
5.20,59.00,2300.00,2530.00
4.50,59.00,2300.00,2300.00
5.80,59.00,2400.00,2640.00
5.10,59.00,2400.00,2400.00
5.70,59.00,2500.00,2500.00
6.20,59.00,2600.00,2600.00
4.20,58.00,1600.00,2880.00
3.80,58.00,1600.00,2720.00
3.10,58.00,1600.00,2560.00
4.50,58.00,1700.00,2890.00
4.00,58.00,1700.00,2720.00
3.50,58.00,1700.00,2550.00
4.30,58.00,1800.00,2700.00
3.70,58.00,1800.00,2520.00
4.50,58.00,1900.00,2660.00
3.80,58.00,1900.00,2470.00
4.60,58.00,2000.00,2600.00
3.90,58.00,2000.00,2400.00
5.20,58.00,2100.00,2730.00
4.60,58.00,2100.00,2520.00
3.80,58.00,2100.00,2310.00
5.30,58.00,2200.00,2640.00
4.60,58.00,2200.00,2420.00
3.20,58.00,2200.00,2200.00
5.80,58.00,2300.00,2760.00
5.30,58.00,2300.00,2530.00
4.40,58.00,2300.00,2300.00
5.80,58.00,2400.00,2640.00
5.10,58.00,2400.00,2400.00
5.70,58.00,2500.00,2500.00
6.20,58.00,2600.00,2600.00
7.20,58.00,2800.00,2800.00
4.20,57.00,1600.00,2880.00
3.80,57.00,1600.00,2720.00
3.10,57.00,1600.00,2560.00
4.60,57.00,1700.00,2890.00
4.10,57.00,1700.00,2720.00
3.40,57.00,1700.00,2550.00
4.80,57.00,1800.00,2880.00
4.30,57.00,1800.00,2700.00
3.70,57.00,1800.00,2520.00
4.50,57.00,1900.00,2660.00
3.80,57.00,1900.00,2470.00
5.20,57.00,2000.00,2800.00
4.60,57.00,2000.00,2600.00
3.80,57.00,2000.00,2400.00
5.30,57.00,2100.00,2730.00
4.70,57.00,2100.00,2520.00
3.40,57.00,2100.00,2310.00
5.90,57.00,2200.00,2860.00
5.30,57.00,2200.00,2640.00
4.60,57.00,2200.00,2420.00
5.90,57.00,2300.00,2760.00
5.30,57.00,2300.00,2530.00
4.40,57.00,2300.00,2300.00
5.90,57.00,2400.00,2640.00
5.10,57.00,2400.00,2400.00
6.40,57.00,2500.00,2750.00
5.70,57.00,2500.00,2500.00
6.30,57.00,2600.00,2600.00
6.80,57.00,2700.00,2700.00
7.30,57.00,2800.00,2800.00
4.30,56.00,1600.00,2880.00
3.80,56.00,1600.00,2720.00
2.80,56.00,1600.00,2560.00
5.00,56.00,1700.00,3060.00
4.60,56.00,1700.00,2890.00
4.10,56.00,1700.00,2720.00
3.00,56.00,1700.00,2550.00
5.30,56.00,1800.00,3060.00
4.90,56.00,1800.00,2880.00
4.40,56.00,1800.00,2700.00
3.50,56.00,1800.00,2520.00
5.10,56.00,1900.00,2850.00
4.60,56.00,1900.00,2660.00
3.60,56.00,1900.00,2470.00
5.20,56.00,2000.00,2800.00
4.60,56.00,2000.00,2600.00
3.40,56.00,2000.00,2400.00
5.90,56.00,2100.00,2940.00
5.30,56.00,2100.00,2730.00
4.70,56.00,2100.00,2520.00
3.30,56.00,2100.00,2310.00
5.90,56.00,2200.00,2860.00
5.30,56.00,2200.00,2640.00
4.50,56.00,2200.00,2420.00
5.90,56.00,2300.00,2760.00
5.20,56.00,2300.00,2530.00
4.10,56.00,2300.00,2300.00
5.90,56.00,2400.00,2640.00
5.10,56.00,2400.00,2400.00
7.10,56.00,2500.00,3000.00
6.40,56.00,2500.00,2750.00
5.70,56.00,2500.00,2500.00
7.00,56.00,2600.00,2860.00
6.30,56.00,2600.00,2600.00
6.80,56.00,2700.00,2700.00
7.30,56.00,2800.00,2800.00
7.80,56.00,2900.00,2900.00
4.70,55.00,1600.00,3040.00
4.30,55.00,1600.00,2880.00
3.80,55.00,1600.00,2720.00
5.10,55.00,1700.00,3060.00
4.70,55.00,1700.00,2890.00
4.10,55.00,1700.00,2720.00
3.00,55.00,1700.00,2550.00
5.40,55.00,1800.00,3060.00
4.90,55.00,1800.00,2880.00
4.40,55.00,1800.00,2700.00
3.10,55.00,1800.00,2520.00
5.60,55.00,1900.00,3040.00
5.10,55.00,1900.00,2850.00
4.60,55.00,1900.00,2660.00
3.20,55.00,1900.00,2470.00
5.80,55.00,2000.00,3000.00
5.30,55.00,2000.00,2800.00
4.60,55.00,2000.00,2600.00
3.30,55.00,2000.00,2400.00
5.90,55.00,2100.00,2940.00
5.40,55.00,2100.00,2730.00
4.60,55.00,2100.00,2520.00
6.00,55.00,2200.00,2860.00
5.30,55.00,2200.00,2640.00
4.40,55.00,2200.00,2420.00
6.00,55.00,2300.00,2760.00
5.20,55.00,2300.00,2530.00
3.70,55.00,2300.00,2300.00
6.60,55.00,2400.00,2880.00
5.90,55.00,2400.00,2640.00
4.90,55.00,2400.00,2400.00
7.10,55.00,2500.00,3000.00
6.50,55.00,2500.00,2750.00
5.60,55.00,2500.00,2500.00
7.10,55.00,2600.00,2860.00
6.30,55.00,2600.00,2600.00
7.60,55.00,2700.00,2970.00
6.80,55.00,2700.00,2700.00
7.40,55.00,2800.00,2800.00
7.90,55.00,2900.00,2900.00
4.80,54.00,1600.00,3040.00
4.40,54.00,1600.00,2880.00
3.60,54.00,1600.00,2720.00
5.20,54.00,1700.00,3060.00
4.70,54.00,1700.00,2890.00
4.10,54.00,1700.00,2720.00
5.40,54.00,1800.00,3060.00
5.00,54.00,1800.00,2880.00
4.30,54.00,1800.00,2700.00
5.70,54.00,1900.00,3040.00
5.20,54.00,1900.00,2850.00
4.50,54.00,1900.00,2660.00
5.90,54.00,2000.00,3000.00
5.30,54.00,2000.00,2800.00
4.50,54.00,2000.00,2600.00
6.00,54.00,2100.00,2940.00
5.40,54.00,2100.00,2730.00
4.50,54.00,2100.00,2520.00
6.60,54.00,2200.00,3080.00
6.00,54.00,2200.00,2860.00
5.30,54.00,2200.00,2640.00
4.10,54.00,2200.00,2420.00
6.00,54.00,2300.00,2760.00
5.20,54.00,2300.00,2530.00
7.20,54.00,2400.00,3120.00
6.60,54.00,2400.00,2880.00
5.90,54.00,2400.00,2640.00
4.80,54.00,2400.00,2400.00
7.20,54.00,2500.00,3000.00
6.50,54.00,2500.00,2750.00
5.60,54.00,2500.00,2500.00
7.10,54.00,2600.00,2860.00
6.20,54.00,2600.00,2600.00
7.60,54.00,2700.00,2970.00
6.80,54.00,2700.00,2700.00
7.40,54.00,2800.00,2800.00
7.90,54.00,2900.00,2900.00
8.40,54.00,3000.00,3000.00
9.30,54.00,3200.00,3200.00
5.40,53.00,1600.00,3200.00
4.90,53.00,1600.00,3040.00
4.40,53.00,1600.00,2880.00
3.10,53.00,1600.00,2720.00
5.70,53.00,1700.00,3230.00
5.20,53.00,1700.00,3060.00
4.70,53.00,1700.00,2890.00
4.00,53.00,1700.00,2720.00
5.50,53.00,1800.00,3060.00
5.00,53.00,1800.00,2880.00
4.30,53.00,1800.00,2700.00
5.70,53.00,1900.00,3040.00
5.20,53.00,1900.00,2850.00
4.40,53.00,1900.00,2660.00
5.90,53.00,2000.00,3000.00
5.30,53.00,2000.00,2800.00
4.40,53.00,2000.00,2600.00
6.60,53.00,2100.00,3150.00
6.00,53.00,2100.00,2940.00
5.30,53.00,2100.00,2730.00
4.20,53.00,2100.00,2520.00
6.70,53.00,2200.00,3080.00
6.10,53.00,2200.00,2860.00
5.30,53.00,2200.00,2640.00
3.70,53.00,2200.00,2420.00
6.70,53.00,2300.00,2990.00
6.00,53.00,2300.00,2760.00
5.00,53.00,2300.00,2530.00
7.30,53.00,2400.00,3120.00
6.60,53.00,2400.00,2880.00
5.80,53.00,2400.00,2640.00
4.50,53.00,2400.00,2400.00
7.20,53.00,2500.00,3000.00
6.50,53.00,2500.00,2750.00
5.50,53.00,2500.00,2500.00
7.80,53.00,2600.00,3120.00
7.10,53.00,2600.00,2860.00
6.10,53.00,2600.00,2600.00
7.70,53.00,2700.00,2970.00
6.80,53.00,2700.00,2700.00
8.20,53.00,2800.00,3080.00
7.40,53.00,2800.00,2800.00
7.90,53.00,2900.00,2900.00
8.40,53.00,3000.00,3000.00
9.40,53.00,3200.00,3200.00
5.50,52.00,1600.00,3200.00
4.90,52.00,1600.00,3040.00
4.30,52.00,1600.00,2880.00
3.20,52.00,1600.00,2720.00
5.70,52.00,1700.00,3230.00
5.30,52.00,1700.00,3060.00
4.70,52.00,1700.00,2890.00
3.70,52.00,1700.00,2720.00
5.60,52.00,1800.00,3060.00
5.00,52.00,1800.00,2880.00
4.10,52.00,1800.00,2700.00
5.80,52.00,1900.00,3040.00
5.20,52.00,1900.00,2850.00
4.20,52.00,1900.00,2660.00
6.50,52.00,2000.00,3200.00
6.00,52.00,2000.00,3000.00
5.30,52.00,2000.00,2800.00
4.20,52.00,2000.00,2600.00
6.60,52.00,2100.00,3150.00
6.10,52.00,2100.00,2940.00
5.30,52.00,2100.00,2730.00
3.70,52.00,2100.00,2520.00
6.70,52.00,2200.00,3080.00
6.10,52.00,2200.00,2860.00
5.20,52.00,2200.00,2640.00
7.30,52.00,2300.00,3220.00
6.70,52.00,2300.00,2990.00
6.00,52.00,2300.00,2760.00
4.80,52.00,2300.00,2530.00
7.30,52.00,2400.00,3120.00
6.70,52.00,2400.00,2880.00
5.80,52.00,2400.00,2640.00
4.00,52.00,2400.00,2400.00
7.30,52.00,2500.00,3000.00
6.40,52.00,2500.00,2750.00
5.30,52.00,2500.00,2500.00
7.80,52.00,2600.00,3120.00
7.10,52.00,2600.00,2860.00
6.10,52.00,2600.00,2600.00
7.70,52.00,2700.00,2970.00
6.70,52.00,2700.00,2700.00
8.20,52.00,2800.00,3080.00
7.30,52.00,2800.00,2800.00
7.90,52.00,2900.00,2900.00
9.20,52.00,3000.00,3300.00
8.40,52.00,3000.00,3000.00
8.90,52.00,3100.00,3100.00
9.40,52.00,3200.00,3200.00
9.90,52.00,3300.00,3300.00
5.60,51.00,1600.00,3200.00
4.90,51.00,1600.00,3040.00
4.30,51.00,1600.00,2880.00
5.80,51.00,1700.00,3230.00
5.30,51.00,1700.00,3060.00
4.70,51.00,1700.00,2890.00
6.50,51.00,1800.00,3420.00
6.10,51.00,1800.00,3240.00
5.60,51.00,1800.00,3060.00
5.00,51.00,1800.00,2880.00
3.50,51.00,1800.00,2700.00
6.40,51.00,1900.00,3230.00
5.80,51.00,1900.00,3040.00
5.20,51.00,1900.00,2850.00
3.60,51.00,1900.00,2660.00
6.60,51.00,2000.00,3200.00
6.00,51.00,2000.00,3000.00
5.30,51.00,2000.00,2800.00
3.70,51.00,2000.00,2600.00
6.70,51.00,2100.00,3150.00
6.00,51.00,2100.00,2940.00
5.20,51.00,2100.00,2730.00
7.30,51.00,2200.00,3300.00
6.70,51.00,2200.00,3080.00
6.00,51.00,2200.00,2860.00
5.00,51.00,2200.00,2640.00
7.40,51.00,2300.00,3220.00
6.70,51.00,2300.00,2990.00
5.90,51.00,2300.00,2760.00
4.30,51.00,2300.00,2530.00
7.40,51.00,2400.00,3120.00
6.60,51.00,2400.00,2880.00
5.60,51.00,2400.00,2640.00
8.00,51.00,2500.00,3250.00
7.30,51.00,2500.00,3000.00
6.40,51.00,2500.00,2750.00
5.00,51.00,2500.00,2500.00
8.50,51.00,2600.00,3380.00
7.80,51.00,2600.00,3120.00
7.00,51.00,2600.00,2860.00
5.90,51.00,2600.00,2600.00
7.60,51.00,2700.00,2970.00
6.60,51.00,2700.00,2700.00
9.00,51.00,2800.00,3360.00
8.20,51.00,2800.00,3080.00
7.30,51.00,2800.00,2800.00
8.80,51.00,2900.00,3190.00
7.80,51.00,2900.00,2900.00
9.30,51.00,3000.00,3300.00
8.40,51.00,3000.00,3000.00
8.90,51.00,3100.00,3100.00
9.40,51.00,3200.00,3200.00
9.90,51.00,3300.00,3300.00
10.40,51.00,3400.00,3400.00
5.70,50.00,1600.00,3200.00
4.90,50.00,1600.00,3040.00
4.10,50.00,1600.00,2880.00
6.40,50.00,1700.00,3400.00
5.80,50.00,1700.00,3230.00
5.30,50.00,1700.00,3060.00
4.60,50.00,1700.00,2890.00
6.60,50.00,1800.00,3420.00
6.10,50.00,1800.00,3240.00
5.60,50.00,1800.00,3060.00
4.90,50.00,1800.00,2880.00
6.90,50.00,1900.00,3420.00
6.40,50.00,1900.00,3230.00
5.80,50.00,1900.00,3040.00
5.10,50.00,1900.00,2850.00
7.10,50.00,2000.00,3400.00
6.60,50.00,2000.00,3200.00
6.00,50.00,2000.00,3000.00
5.10,50.00,2000.00,2800.00
7.30,50.00,2100.00,3360.00
6.70,50.00,2100.00,3150.00
6.00,50.00,2100.00,2940.00
5.10,50.00,2100.00,2730.00
7.40,50.00,2200.00,3300.00
6.80,50.00,2200.00,3080.00
6.00,50.00,2200.00,2860.00
4.70,50.00,2200.00,2640.00
8.00,50.00,2300.00,3450.00
7.50,50.00,2300.00,3220.00
6.70,50.00,2300.00,2990.00
5.80,50.00,2300.00,2760.00
4.10,50.00,2300.00,2530.00
7.40,50.00,2400.00,3120.00
6.60,50.00,2400.00,2880.00
5.40,50.00,2400.00,2640.00
8.00,50.00,2500.00,3250.00
7.20,50.00,2500.00,3000.00
6.30,50.00,2500.00,2750.00
4.40,50.00,2500.00,2500.00
8.60,50.00,2600.00,3380.00
7.90,50.00,2600.00,3120.00
7.00,50.00,2600.00,2860.00
5.70,50.00,2600.00,2600.00
8.50,50.00,2700.00,3240.00
7.60,50.00,2700.00,2970.00
6.50,50.00,2700.00,2700.00
9.00,50.00,2800.00,3360.00
8.20,50.00,2800.00,3080.00
7.20,50.00,2800.00,2800.00
8.70,50.00,2900.00,3190.00
7.80,50.00,2900.00,2900.00
9.30,50.00,3000.00,3300.00
8.30,50.00,3000.00,3000.00
9.80,50.00,3100.00,3410.00
8.90,50.00,3100.00,3100.00
9.40,50.00,3200.00,3200.00
9.90,50.00,3300.00,3300.00
10.30,50.00,3400.00,3400.00
5.70,49.00,1600.00,3200.00
4.90,49.00,1600.00,3040.00
3.50,49.00,1600.00,2880.00
6.50,49.00,1700.00,3400.00
5.90,49.00,1700.00,3230.00
5.30,49.00,1700.00,3060.00
4.40,49.00,1700.00,2890.00
6.70,49.00,1800.00,3420.00
6.20,49.00,1800.00,3240.00
5.60,49.00,1800.00,3060.00
4.80,49.00,1800.00,2880.00
6.90,49.00,1900.00,3420.00
6.40,49.00,1900.00,3230.00
5.80,49.00,1900.00,3040.00
4.90,49.00,1900.00,2850.00
7.20,49.00,2000.00,3400.00
6.60,49.00,2000.00,3200.00
5.90,49.00,2000.00,3000.00
5.00,49.00,2000.00,2800.00
7.80,49.00,2100.00,3570.00
7.30,49.00,2100.00,3360.00
6.70,49.00,2100.00,3150.00
6.00,49.00,2100.00,2940.00
4.80,49.00,2100.00,2730.00
8.00,49.00,2200.00,3520.00
7.40,49.00,2200.00,3300.00
6.70,49.00,2200.00,3080.00
5.90,49.00,2200.00,2860.00
4.10,49.00,2200.00,2640.00
8.10,49.00,2300.00,3450.00
7.50,49.00,2300.00,3220.00
6.70,49.00,2300.00,2990.00
5.70,49.00,2300.00,2760.00
8.10,49.00,2400.00,3360.00
7.40,49.00,2400.00,3120.00
6.50,49.00,2400.00,2880.00
5.10,49.00,2400.00,2640.00
8.70,49.00,2500.00,3500.00
8.00,49.00,2500.00,3250.00
7.20,49.00,2500.00,3000.00
6.20,49.00,2500.00,2750.00
8.70,49.00,2600.00,3380.00
7.90,49.00,2600.00,3120.00
6.90,49.00,2600.00,2860.00
5.40,49.00,2600.00,2600.00
9.20,49.00,2700.00,3510.00
8.50,49.00,2700.00,3240.00
7.60,49.00,2700.00,2970.00
6.30,49.00,2700.00,2700.00
9.10,49.00,2800.00,3360.00
8.20,49.00,2800.00,3080.00
7.00,49.00,2800.00,2800.00
9.60,49.00,2900.00,3480.00
8.70,49.00,2900.00,3190.00
7.70,49.00,2900.00,2900.00
9.30,49.00,3000.00,3300.00
8.30,49.00,3000.00,3000.00
9.80,49.00,3100.00,3410.00
8.80,49.00,3100.00,3100.00
9.30,49.00,3200.00,3200.00
9.90,49.00,3300.00,3300.00
10.40,49.00,3400.00,3400.00
10.80,49.00,3500.00,3500.00
11.70,49.00,3700.00,3700.00
5.70,48.00,1600.00,3200.00
4.80,48.00,1600.00,3040.00
6.60,48.00,1700.00,3400.00
5.90,48.00,1700.00,3230.00
5.20,48.00,1700.00,3060.00
3.70,48.00,1700.00,2890.00
6.70,48.00,1800.00,3420.00
6.20,48.00,1800.00,3240.00
5.50,48.00,1800.00,3060.00
4.50,48.00,1800.00,2880.00
7.00,48.00,1900.00,3420.00
6.50,48.00,1900.00,3230.00
5.70,48.00,1900.00,3040.00
4.70,48.00,1900.00,2850.00
7.70,48.00,2000.00,3600.00
7.20,48.00,2000.00,3400.00
6.60,48.00,2000.00,3200.00
5.90,48.00,2000.00,3000.00
4.60,48.00,2000.00,2800.00
7.90,48.00,2100.00,3570.00
7.40,48.00,2100.00,3360.00
6.70,48.00,2100.00,3150.00
5.90,48.00,2100.00,2940.00
4.10,48.00,2100.00,2730.00
8.10,48.00,2200.00,3520.00
7.50,48.00,2200.00,3300.00
6.70,48.00,2200.00,3080.00
5.80,48.00,2200.00,2860.00
8.20,48.00,2300.00,3450.00
7.50,48.00,2300.00,3220.00
6.60,48.00,2300.00,2990.00
5.40,48.00,2300.00,2760.00
8.80,48.00,2400.00,3600.00
8.10,48.00,2400.00,3360.00
7.40,48.00,2400.00,3120.00
6.40,48.00,2400.00,2880.00
4.50,48.00,2400.00,2640.00
8.80,48.00,2500.00,3500.00
8.10,48.00,2500.00,3250.00
7.20,48.00,2500.00,3000.00
5.90,48.00,2500.00,2750.00
8.70,48.00,2600.00,3380.00
7.80,48.00,2600.00,3120.00
6.70,48.00,2600.00,2860.00
4.70,48.00,2600.00,2600.00
9.20,48.00,2700.00,3510.00
8.50,48.00,2700.00,3240.00
7.50,48.00,2700.00,2970.00
6.10,48.00,2700.00,2700.00
9.00,48.00,2800.00,3360.00
8.10,48.00,2800.00,3080.00
6.90,48.00,2800.00,2800.00
9.60,48.00,2900.00,3480.00
8.70,48.00,2900.00,3190.00
7.60,48.00,2900.00,2900.00
9.30,48.00,3000.00,3300.00
8.20,48.00,3000.00,3000.00
10.70,48.00,3100.00,3720.00
9.80,48.00,3100.00,3410.00
8.70,48.00,3100.00,3100.00
10.30,48.00,3200.00,3520.00
9.30,48.00,3200.00,3200.00
9.80,48.00,3300.00,3300.00
11.30,48.00,3400.00,3740.00
10.30,48.00,3400.00,3400.00
10.80,48.00,3500.00,3500.00
11.30,48.00,3600.00,3600.00
11.70,48.00,3700.00,3700.00
12.10,48.00,3800.00,3800.00
5.70,47.00,1600.00,3200.00
4.70,47.00,1600.00,3040.00
6.60,47.00,1700.00,3400.00
5.90,47.00,1700.00,3230.00
5.20,47.00,1700.00,3060.00
6.80,47.00,1800.00,3420.00
6.20,47.00,1800.00,3240.00
5.50,47.00,1800.00,3060.00
3.90,47.00,1800.00,2880.00
7.60,47.00,1900.00,3610.00
7.10,47.00,1900.00,3420.00
6.50,47.00,1900.00,3230.00
5.70,47.00,1900.00,3040.00
4.00,47.00,1900.00,2850.00
7.80,47.00,2000.00,3600.00
7.30,47.00,2000.00,3400.00
6.60,47.00,2000.00,3200.00
5.80,47.00,2000.00,3000.00
8.00,47.00,2100.00,3570.00
7.40,47.00,2100.00,3360.00
6.70,47.00,2100.00,3150.00
5.80,47.00,2100.00,2940.00
8.10,47.00,2200.00,3520.00
7.50,47.00,2200.00,3300.00
6.70,47.00,2200.00,3080.00
5.60,47.00,2200.00,2860.00
8.20,47.00,2300.00,3450.00
7.40,47.00,2300.00,3220.00
6.50,47.00,2300.00,2990.00
4.80,47.00,2300.00,2760.00
8.80,47.00,2400.00,3600.00
8.10,47.00,2400.00,3360.00
7.30,47.00,2400.00,3120.00
6.20,47.00,2400.00,2880.00
8.80,47.00,2500.00,3500.00
8.00,47.00,2500.00,3250.00
7.10,47.00,2500.00,3000.00
5.60,47.00,2500.00,2750.00
9.40,47.00,2600.00,3640.00
8.70,47.00,2600.00,3380.00
7.70,47.00,2600.00,3120.00
6.60,47.00,2600.00,2860.00
10.00,47.00,2700.00,3780.00
9.30,47.00,2700.00,3510.00
8.40,47.00,2700.00,3240.00
7.30,47.00,2700.00,2970.00
5.70,47.00,2700.00,2700.00
9.00,47.00,2800.00,3360.00
8.00,47.00,2800.00,3080.00
6.70,47.00,2800.00,2800.00
10.40,47.00,2900.00,3770.00
9.60,47.00,2900.00,3480.00
8.60,47.00,2900.00,3190.00
7.40,47.00,2900.00,2900.00
10.20,47.00,3000.00,3600.00
9.20,47.00,3000.00,3300.00
8.10,47.00,3000.00,3000.00
10.70,47.00,3100.00,3720.00
9.80,47.00,3100.00,3410.00
8.60,47.00,3100.00,3100.00
10.30,47.00,3200.00,3520.00
9.20,47.00,3200.00,3200.00
10.80,47.00,3300.00,3630.00
9.70,47.00,3300.00,3300.00
11.30,47.00,3400.00,3740.00
10.20,47.00,3400.00,3400.00
11.80,47.00,3500.00,3850.00
10.80,47.00,3500.00,3500.00
11.20,47.00,3600.00,3600.00
11.70,47.00,3700.00,3700.00
12.10,47.00,3800.00,3800.00
12.50,47.00,3900.00,3900.00
5.70,46.00,1600.00,3200.00
4.40,46.00,1600.00,3040.00
6.60,46.00,1700.00,3400.00
5.90,46.00,1700.00,3230.00
5.00,46.00,1700.00,3060.00
7.50,46.00,1800.00,3600.00
6.80,46.00,1800.00,3420.00
6.20,46.00,1800.00,3240.00
5.40,46.00,1800.00,3060.00
7.60,46.00,1900.00,3610.00
7.10,46.00,1900.00,3420.00
6.40,46.00,1900.00,3230.00
5.60,46.00,1900.00,3040.00
7.90,46.00,2000.00,3600.00
7.30,46.00,2000.00,3400.00
6.60,46.00,2000.00,3200.00
5.60,46.00,2000.00,3000.00
8.10,46.00,2100.00,3570.00
7.40,46.00,2100.00,3360.00
6.60,46.00,2100.00,3150.00
5.60,46.00,2100.00,2940.00
8.20,46.00,2200.00,3520.00
7.50,46.00,2200.00,3300.00
6.60,46.00,2200.00,3080.00
5.20,46.00,2200.00,2860.00
8.80,46.00,2300.00,3680.00
8.20,46.00,2300.00,3450.00
7.40,46.00,2300.00,3220.00
6.40,46.00,2300.00,2990.00
8.90,46.00,2400.00,3600.00
8.20,46.00,2400.00,3360.00
7.20,46.00,2400.00,3120.00
6.00,46.00,2400.00,2880.00
8.80,46.00,2500.00,3500.00
8.00,46.00,2500.00,3250.00
6.90,46.00,2500.00,3000.00
4.80,46.00,2500.00,2750.00
9.40,46.00,2600.00,3640.00
8.60,46.00,2600.00,3380.00
7.70,46.00,2600.00,3120.00
6.30,46.00,2600.00,2860.00
10.00,46.00,2700.00,3780.00
9.30,46.00,2700.00,3510.00
8.40,46.00,2700.00,3240.00
7.20,46.00,2700.00,2970.00
5.00,46.00,2700.00,2700.00
9.90,46.00,2800.00,3640.00
9.00,46.00,2800.00,3360.00
7.90,46.00,2800.00,3080.00
6.30,46.00,2800.00,2800.00
10.50,46.00,2900.00,3770.00
9.60,46.00,2900.00,3480.00
8.50,46.00,2900.00,3190.00
7.20,46.00,2900.00,2900.00
10.10,46.00,3000.00,3600.00
9.10,46.00,3000.00,3300.00
7.90,46.00,3000.00,3000.00
10.70,46.00,3100.00,3720.00
9.70,46.00,3100.00,3410.00
8.50,46.00,3100.00,3100.00
11.20,46.00,3200.00,3840.00
10.30,46.00,3200.00,3520.00
9.10,46.00,3200.00,3200.00
10.80,46.00,3300.00,3630.00
9.60,46.00,3300.00,3300.00
11.30,46.00,3400.00,3740.00
10.20,46.00,3400.00,3400.00
11.80,46.00,3500.00,3850.00
10.70,46.00,3500.00,3500.00
11.20,46.00,3600.00,3600.00
11.60,46.00,3700.00,3700.00
13.20,46.00,3800.00,4180.00
12.10,46.00,3800.00,3800.00
12.50,46.00,3900.00,3900.00
12.90,46.00,4000.00,4000.00
14.20,46.00,4300.00,4300.00